table_cd	column_cd	code_cd	name_char	LOOKUP_BLOB	UPLOAD_DATE	UPDATE_DATE	DOWNLOAD_DATE	IMPORT_DATE	SOURCESYSTEM_CD	UPLOAD_ID
VALUES(2	'\i2b2\Procedures\PRC\ICD9 (Inpatient)'	'ICD9 (Inpatient)'	'N'	null	null	null	null	null	null	null
VALUES(2	'\i2b2\Medications\MUL\(LME178) miscellaneous agents'	'Miscellaneous agents'	'N'	null	null	null	null	null	null	null
VALUES(2	'\i2b2\Diagnoses\Neurologic Disorders (320-389)'	'Neurologic Disorders'	'N'	null	null	null	null	null	null	null
VALUES(2	'\i2b2\Diagnoses\Metabolic and immunity disorders (270-279)'	'Metabolic and immunity disorders'	'N'	null	null	null	null	null	null	null
VALUES(2	'\i2b2\Diagnoses\Neoplasms (140-239)'	'Neoplasms'	'N'	null	null	null	null	null	null	null
VALUES(2	'\i2b2\Diagnoses\Infectious and parasitic diseases (001-139)'	'Infectious and parasitic diseases'	'N'	null	null	null	null	null	null	null
VALUES(2	'\i2b2\Diagnoses\Genitourinary system (580-629)'	'Genitourinary system'	'N'	null	null	null	null	null	null	null
VALUES(2	'\i2b2\Diagnoses\Digestive system (520-579)'	'Digestive system'	'N'	null	null	null	null	null	null	null
VALUES(2	'\i2b2\Diagnoses\Events of pregnancy (630-677)'	'Events of pregnancy'	'N'	null	null	null	null	null	null	null
VALUES(3	'\i2b2\Diagnoses\Conditions in the perinatal period (760-779)\(779) Other and ill-defined condi~'	'Other and ill-defined conditions originating in t	'N'	null	null	null	null	null	null	null
VALUES(3	'\i2b2\Diagnoses\Circulatory system (390-459)\Hypertensive disease (401-405)'	'Hypertensive disease'	'N'	null	null	null	null	null	null	null
VALUES(3	'\i2b2\Diagnoses\Nutritional deficiences (260-269)\(261) Nutritional marasmus'	'Marcor'	'Y'	null	null	null	null	null	null	null
VALUES(3	'\i2b2\Diagnoses\Circulatory system (390-459)\Arterial vascular disease (440-447)'	'Arterial vascular disease'	'N'	null	null	null	null	null	null	null
VALUES(3	'\i2b2\Diagnoses\Circulatory system (390-459)\Ischemic heart disease (410-414)'	'Ischemic heart disease'	'N'	null	null	null	null	null	null	null
VALUES(3	'\i2b2\Diagnoses\Congenital anomalies (740-759)\(742) Other congenital anomalies ~'	'Other congenital anomalies of nervous system'	'N'	null	null	null	null	null	null	null
VALUES(3	'\i2b2\Demographics\Language\Eritrean'	'Eritrean'	'N'	null	null	null	null	null	null	null
VALUES(3	'\i2b2\Diagnoses\Conditions in the perinatal period (760-779)\Maternally caused (760-763)'	'Maternally caused'	'N'	null	null	null	null	null	null	null
VALUES(3	'\i2b2\Diagnoses\Congenital anomalies (740-759)\(741) Spina bifida'	'Spina bifida'	'N'	null	null	null	null	null	null	null
VALUES(3	'\i2b2\Diagnoses\Conditions in the perinatal period (760-779)\(775) Endocrine and metabolic dis~'	'Endocrine and metabolic disturbances specific to 	'N'	null	null	null	null	null	null	null
VALUES(3	'\i2b2\Diagnoses\Circulatory system (390-459)\Cerebrovascular disease (430-438)'	'Cerebrovascular disease'	'N'	null	null	null	null	null	null	null
VALUES(3	'\i2b2\Diagnoses\Nutritional deficiences (260-269)\(260) Kwashiorkor'	'Malignant malnutrition'	'Y'	null	null	null	null	null	null	null
VALUES(3	'\i2b2\Diagnoses\Conditions in the perinatal period (760-779)\(776) Hematological disorders of ~'	'Hematological disorders of fetus and newborn'	'N'	null	null	null	null	null	null	null
VALUES(3	'\i2b2\Demographics\Language\Punjabi'	'Punjabi'	'N'	null	null	null	null	null	null	null
VALUES(3	'\i2b2\Demographics\Religion\Orthodox Christian'	'Orthodox Christian'	'N'	null	null	null	null	null	null	null
VALUES(3	'\i2b2\Diagnoses\Conditions in the perinatal period (760-779)\(773) Hemolytic disease of fetus ~'	'Hemolytic disease of fetus or newborn	due to isoimmunization'	null	null	null	null	null	null	null
INSERT INTO I2B2METADATA.BIRN(C_FULLNAME	C_NAME	C_SYNONYM_CD	C_VISUALATTRIBUTES	null	null	null	null	null	null	null
VALUES('\BIRN'	'BIRN'	'N'	'FA'	null	null	null	null	null	null	null
VALUES('\BIRN\oasis'	'Oasis'	'N'	'FA'	null	null	null	null	null	null	null
VALUES('\BIRN\oasis\Clinical Measures'	'Clinical Measures'	'N'	'FA'	null	null	null	null	null	null	null
VALUES('\BIRN\oasis\Clinical Measures\Clinical Dementia Rating (CDR)'	'Clinical Dementia Rating (CDR)'	'N'	'FA'	null	null	null	null	null	null	null
VALUES('\BIRN\oasis\Clinical Measures\Clinical Dementia Rating (CDR)\mild dementia'	'mild dementia'	'N'	'LA'	null	null	null	null	null	null	null
VALUES('\BIRN\oasis\Clinical Measures\Clinical Dementia Rating (CDR)\moderate dementia'	'moderate dementia'	'N'	'LA'	null	null	null	null	null	null	null
VALUES('\BIRN\oasis\Clinical Measures\Clinical Dementia Rating (CDR)\nondemented'	'nondemented'	'N'	'LA'	null	null	null	null	null	null	null
VALUES('\BIRN\oasis\Clinical Measures\Clinical Dementia Rating (CDR)\very mild dementia'	'very mild dementia'	'N'	'LA'	null	null	null	null	null	null	null
VALUES('\BIRN\oasis\Clinical Measures\MMSE score'	'MMSE score'	'N'	'FA'	null	null	null	null	null	null	null
VALUES('\BIRN\oasis\Clinical Measures\MMSE score\Mild Alzheimers disease'	'Mild Alzheimers disease'	'N'	'FA'	null	null	null	null	null	null	null
VALUES('\BIRN\oasis\Clinical Measures\MMSE score\Mild Alzheimers disease\20'	'20'	'N'	'LA'	null	null	null	null	null	null	null
VALUES('\BIRN\oasis\Clinical Measures\MMSE score\Mild Alzheimers disease\21'	'21'	'N'	'LA'	null	null	null	null	null	null	null
VALUES('\BIRN\oasis\Clinical Measures\MMSE score\Mild Alzheimers disease\22'	'22'	'N'	'LA'	null	null	null	null	null	null	null
VALUES('\BIRN\oasis\Clinical Measures\MMSE score\Mild Alzheimers disease\23'	'23'	'N'	'LA'	null	null	null	null	null	null	null
VALUES('\BIRN\oasis\Clinical Measures\MMSE score\Mild Alzheimers disease\24'	'24'	'N'	'LA'	null	null	null	null	null	null	null
VALUES('\BIRN\oasis\Clinical Measures\MMSE score\Mild Alzheimers disease\25'	'25'	'N'	'LA'	null	null	null	null	null	null	null
VALUES('\BIRN\oasis\Clinical Measures\MMSE score\Mild Alzheimers disease\26'	'26'	'N'	'LA'	null	null	null	null	null	null	null
VALUES('\BIRN\oasis\Clinical Measures\MMSE score\Moderate Alzheimers disease'	'Moderate Alzheimers disease'	'N'	'FA'	null	null	null	null	null	null	null
VALUES('\BIRN\oasis\Clinical Measures\MMSE score\Moderate Alzheimers disease\13'	'13'	'N'	'LA'	null	null	null	null	null	null	null
VALUES('\BIRN\oasis\Clinical Measures\MMSE score\Moderate Alzheimers disease\14'	'14'	'N'	'LA'	null	null	null	null	null	null	null
VALUES('\BIRN\oasis\Clinical Measures\MMSE score\Moderate Alzheimers disease\15'	'15'	'N'	'LA'	null	null	null	null	null	null	null
VALUES('\BIRN\oasis\Clinical Measures\MMSE score\Moderate Alzheimers disease\16'	'16'	'N'	'LA'	null	null	null	null	null	null	null
VALUES('\BIRN\oasis\Clinical Measures\MMSE score\Moderate Alzheimers disease\17'	'17'	'N'	'LA'	null	null	null	null	null	null	null
VALUES('\BIRN\oasis\Clinical Measures\MMSE score\Moderate Alzheimers disease\18'	'18'	'N'	'LA'	null	null	null	null	null	null	null
VALUES('\BIRN\oasis\Clinical Measures\MMSE score\Moderate Alzheimers disease\19'	'19'	'N'	'LA'	null	null	null	null	null	null	null
VALUES('\BIRN\oasis\Clinical Measures\MMSE score\No Alzheimers disease'	'No Alzheimers disease'	'N'	'FA'	null	null	null	null	null	null	null
VALUES('\BIRN\oasis\Clinical Measures\MMSE score\No Alzheimers disease\27'	'27'	'N'	'LA'	null	null	null	null	null	null	null
VALUES('\BIRN\oasis\Clinical Measures\MMSE score\No Alzheimers disease\28'	'28'	'N'	'LA'	null	null	null	null	null	null	null
VALUES('\BIRN\oasis\Clinical Measures\MMSE score\No Alzheimers disease\29'	'29'	'N'	'LA'	null	null	null	null	null	null	null
VALUES('\BIRN\oasis\Clinical Measures\MMSE score\No Alzheimers disease\30'	'30'	'N'	'LA'	null	null	null	null	null	null	null
VALUES('\BIRN\oasis\Demographics'	'Demographics'	'N'	'FA'	null	null	null	null	null	null	null
VALUES('\BIRN\oasis\Demographics\Age'	'Age'	'N'	'FA '	null	null	null	null	null	null	null
VALUES('\BIRN\oasis\Demographics\Age\0-9 years old'	'0-9 years old'	'N'	'FA '	null	null	null	null	null	null	null
VALUES('\BIRN\oasis\Demographics\Age\0-9 years old\0'	'  0 years old'	'N'	'LA '	null	null	null	null	null	null	null
VALUES('\BIRN\oasis\Demographics\Age\0-9 years old\1'	'  1 year old'	'N'	'LA '	null	null	null	null	null	null	null
VALUES('\BIRN\oasis\Demographics\Age\0-9 years old\2'	'  2 years old'	'N'	'LA '	null	null	null	null	null	null	null
VALUES('\BIRN\oasis\Demographics\Age\0-9 years old\3'	'  3 years old'	'N'	'LA '	null	null	null	null	null	null	null
VALUES('\BIRN\oasis\Demographics\Age\0-9 years old\4'	'  4 years old'	'N'	'LA '	null	null	null	null	null	null	null
VALUES('\BIRN\oasis\Demographics\Age\0-9 years old\5'	'  5 years old'	'N'	'LA '	null	null	null	null	null	null	null
VALUES('\BIRN\oasis\Demographics\Age\0-9 years old\6'	'  6 years old'	'N'	'LA '	null	null	null	null	null	null	null
VALUES('\BIRN\oasis\Demographics\Age\0-9 years old\7'	'  7 years old'	'N'	'LA '	null	null	null	null	null	null	null
VALUES('\BIRN\oasis\Demographics\Age\0-9 years old\8'	'  8 years old'	'N'	'LA '	null	null	null	null	null	null	null
VALUES('\BIRN\oasis\Demographics\Age\0-9 years old\9'	'  9 years old'	'N'	'LA '	null	null	null	null	null	null	null
VALUES('\BIRN\oasis\Demographics\Age\10-17 years old'	'10-17 years old'	'N'	'FA '	null	null	null	null	null	null	null
VALUES('\BIRN\oasis\Demographics\Age\10-17 years old\10'	'  10 years old'	'N'	'LA '	null	null	null	null	null	null	null
VALUES('\BIRN\oasis\Demographics\Age\10-17 years old\11'	'  11 years old'	'N'	'LA '	null	null	null	null	null	null	null
VALUES('\BIRN\oasis\Demographics\Age\10-17 years old\12'	'  12 years old'	'N'	'LA '	null	null	null	null	null	null	null
VALUES('\BIRN\oasis\Demographics\Age\10-17 years old\13'	'  13 years old'	'N'	'LA '	null	null	null	null	null	null	null
VALUES('\BIRN\oasis\Demographics\Age\10-17 years old\14'	'  14 years old'	'N'	'LA '	null	null	null	null	null	null	null
VALUES('\BIRN\oasis\Demographics\Age\10-17 years old\15'	'  15 years old'	'N'	'LA '	null	null	null	null	null	null	null
VALUES('\BIRN\oasis\Demographics\Age\10-17 years old\16'	'  16 years old'	'N'	'LA '	null	null	null	null	null	null	null
VALUES('\BIRN\oasis\Demographics\Age\10-17 years old\17'	'  17 years old'	'N'	'LA '	null	null	null	null	null	null	null
VALUES('\BIRN\oasis\Demographics\Age\18-34 years old'	'18-34 years old'	'N'	'FA '	null	null	null	null	null	null	null
VALUES('\BIRN\oasis\Demographics\Age\18-34 years old\18'	'  18 years old'	'N'	'LA '	null	null	null	null	null	null	null
VALUES('\BIRN\oasis\Demographics\Age\18-34 years old\19'	'  19 years old'	'N'	'LA '	null	null	null	null	null	null	null
VALUES('\BIRN\oasis\Demographics\Age\18-34 years old\20'	'  20 years old'	'N'	'LA '	null	null	null	null	null	null	null
VALUES('\BIRN\oasis\Demographics\Age\18-34 years old\21'	'  21 years old'	'N'	'LA '	null	null	null	null	null	null	null
VALUES('\BIRN\oasis\Demographics\Age\18-34 years old\22'	'  22 years old'	'N'	'LA '	null	null	null	null	null	null	null
VALUES('\BIRN\oasis\Demographics\Age\18-34 years old\23'	'  23 years old'	'N'	'LA '	null	null	null	null	null	null	null
VALUES('\BIRN\oasis\Demographics\Age\18-34 years old\24'	'  24 years old'	'N'	'LA '	null	null	null	null	null	null	null
VALUES('\BIRN\oasis\Demographics\Age\18-34 years old\25'	'  25 years old'	'N'	'LA '	null	null	null	null	null	null	null
VALUES('\BIRN\oasis\Demographics\Age\18-34 years old\26'	'  26 years old'	'N'	'LA '	null	null	null	null	null	null	null
VALUES('\BIRN\oasis\Demographics\Age\18-34 years old\27'	'  27 years old'	'N'	'LA '	null	null	null	null	null	null	null
VALUES('\BIRN\oasis\Demographics\Age\18-34 years old\28'	'  28 years old'	'N'	'LA '	null	null	null	null	null	null	null
VALUES('\BIRN\oasis\Demographics\Age\18-34 years old\29'	'  29 years old'	'N'	'LA '	null	null	null	null	null	null	null
VALUES('\BIRN\oasis\Demographics\Age\18-34 years old\30'	'  30 years old'	'N'	'LA '	null	null	null	null	null	null	null
VALUES('\BIRN\oasis\Demographics\Age\18-34 years old\31'	'  31 years old'	'N'	'LA '	null	null	null	null	null	null	null
VALUES('\BIRN\oasis\Demographics\Age\18-34 years old\32'	'  32 years old'	'N'	'LA '	null	null	null	null	null	null	null
VALUES('\BIRN\oasis\Demographics\Age\18-34 years old\33'	'  33 years old'	'N'	'LA '	null	null	null	null	null	null	null
VALUES('\BIRN\oasis\Demographics\Age\18-34 years old\34'	'  34 years old'	'N'	'LA '	null	null	null	null	null	null	null
VALUES('\BIRN\oasis\Demographics\Age\35-44 years old'	'35-44 years old'	'N'	'FA '	null	null	null	null	null	null	null
VALUES('\BIRN\oasis\Demographics\Age\35-44 years old\35'	'  35 years old'	'N'	'LA '	null	null	null	null	null	null	null
VALUES('\BIRN\oasis\Demographics\Age\35-44 years old\36'	'  36 years old'	'N'	'LA '	null	null	null	null	null	null	null
VALUES('\BIRN\oasis\Demographics\Age\35-44 years old\37'	'  37 years old'	'N'	'LA '	null	null	null	null	null	null	null
VALUES('\BIRN\oasis\Demographics\Age\35-44 years old\38'	'  38 years old'	'N'	'LA '	null	null	null	null	null	null	null
VALUES('\BIRN\oasis\Demographics\Age\35-44 years old\39'	'  39 years old'	'N'	'LA '	null	null	null	null	null	null	null
VALUES('\BIRN\oasis\Demographics\Age\35-44 years old\40'	'  40 years old'	'N'	'LA '	null	null	null	null	null	null	null
VALUES('\BIRN\oasis\Demographics\Age\35-44 years old\41'	'  41 years old'	'N'	'LA '	null	null	null	null	null	null	null
VALUES('\BIRN\oasis\Demographics\Age\35-44 years old\42'	'  42 years old'	'N'	'LA '	null	null	null	null	null	null	null
OBSERVATION_FACT	MODIFIER_CD	0	Admitting	null	null	null	null	null	null	null
OBSERVATION_FACT	MODIFIER_CD	1	Primary	null	null	null	null	null	null	null
OBSERVATION_FACT	MODIFIER_CD	2	Secondary	null	null	null	null	null	null	null
VALUES('\BIRN\oasis\Demographics\Age\35-44 years old\43'	'  43 years old'	'N'	'LA '	null	null	null	null	null	null	null
VALUES('\BIRN\oasis\Demographics\Age\35-44 years old\44'	'  44 years old'	'N'	'LA '	null	null	null	null	null	null	null
VALUES('\BIRN\oasis\Demographics\Age\45-54 years old'	'45-54 years old'	'N'	'FA '	null	null	null	null	null	null	null
VALUES('\BIRN\oasis\Demographics\Age\45-54 years old\45'	'  45 years old'	'N'	'LA '	null	null	null	null	null	null	null
VALUES('\BIRN\oasis\Demographics\Age\45-54 years old\46'	'  46 years old'	'N'	'LA '	null	null	null	null	null	null	null
VALUES('\BIRN\oasis\Demographics\Age\45-54 years old\47'	'  47 years old'	'N'	'LA '	null	null	null	null	null	null	null
VALUES('\BIRN\oasis\Demographics\Age\45-54 years old\48'	'  48 years old'	'N'	'LA '	null	null	null	null	null	null	null
VALUES('\BIRN\oasis\Demographics\Age\45-54 years old\49'	'  49 years old'	'N'	'LA '	null	null	null	null	null	null	null
VALUES('\BIRN\oasis\Demographics\Age\45-54 years old\50'	'  50 years old'	'N'	'LA '	null	null	null	null	null	null	null
VALUES('\BIRN\oasis\Demographics\Age\45-54 years old\51'	'  51 years old'	'N'	'LA '	null	null	null	null	null	null	null
VALUES('\BIRN\oasis\Demographics\Age\45-54 years old\52'	'  52 years old'	'N'	'LA '	null	null	null	null	null	null	null
VALUES('\BIRN\oasis\Demographics\Age\45-54 years old\53'	'  53 years old'	'N'	'LA '	null	null	null	null	null	null	null
VALUES('\BIRN\oasis\Demographics\Age\45-54 years old\54'	'  54 years old'	'N'	'LA '	null	null	null	null	null	null	null
VALUES('\BIRN\oasis\Demographics\Age\55-64 years old'	'55-64 years old'	'N'	'FA '	null	null	null	null	null	null	null
VALUES('\BIRN\oasis\Demographics\Age\55-64 years old\55'	'  55 years old'	'N'	'LA '	null	null	null	null	null	null	null
VALUES('\BIRN\oasis\Demographics\Age\55-64 years old\56'	'  56 years old'	'N'	'LA '	null	null	null	null	null	null	null
VALUES('\BIRN\oasis\Demographics\Age\55-64 years old\57'	'  57 years old'	'N'	'LA '	null	null	null	null	null	null	null
VALUES('\BIRN\oasis\Demographics\Age\55-64 years old\58'	'  58 years old'	'N'	'LA '	null	null	null	null	null	null	null
VALUES('\BIRN\oasis\Demographics\Age\55-64 years old\59'	'  59 years old'	'N'	'LA '	null	null	null	null	null	null	null
VALUES('\BIRN\oasis\Demographics\Age\55-64 years old\60'	'  60 years old'	'N'	'LA '	null	null	null	null	null	null	null
VALUES('\BIRN\oasis\Demographics\Age\55-64 years old\61'	'  61 years old'	'N'	'LA '	null	null	null	null	null	null	null
VALUES('\BIRN\oasis\Demographics\Age\55-64 years old\62'	'  62 years old'	'N'	'LA '	null	null	null	null	null	null	null
VALUES('\BIRN\oasis\Demographics\Age\55-64 years old\63'	'  63 years old'	'N'	'LA '	null	null	null	null	null	null	null
VALUES('\BIRN\oasis\Demographics\Age\55-64 years old\64'	'  64 years old'	'N'	'LA '	null	null	null	null	null	null	null
VALUES('\BIRN\oasis\Demographics\Age\65-74 years old'	'65-74 years old'	'N'	'FA '	null	null	null	null	null	null	null
VALUES('\BIRN\oasis\Demographics\Age\65-74 years old\65'	'  65 years old'	'N'	'LA '	null	null	null	null	null	null	null
VALUES('\BIRN\oasis\Demographics\Age\65-74 years old\66'	'  66 years old'	'N'	'LA '	null	null	null	null	null	null	null
VALUES('\BIRN\oasis\Demographics\Age\65-74 years old\67'	'  67 years old'	'N'	'LA '	null	null	null	null	null	null	null
VALUES('\BIRN\oasis\Demographics\Age\65-74 years old\68'	'  68 years old'	'N'	'LA '	null	null	null	null	null	null	null
VALUES('\BIRN\oasis\Demographics\Age\65-74 years old\69'	'  69 years old'	'N'	'LA '	null	null	null	null	null	null	null
VALUES('\BIRN\oasis\Demographics\Age\65-74 years old\70'	'  70 years old'	'N'	'LA '	null	null	null	null	null	null	null
VALUES('\BIRN\oasis\Demographics\Age\65-74 years old\71'	'  71 years old'	'N'	'LA '	null	null	null	null	null	null	null
VALUES('\BIRN\oasis\Demographics\Age\65-74 years old\72'	'  72 years old'	'N'	'LA '	null	null	null	null	null	null	null
VALUES('\BIRN\oasis\Demographics\Age\65-74 years old\73'	'  73 years old'	'N'	'LA '	null	null	null	null	null	null	null
VALUES('\BIRN\oasis\Demographics\Age\65-74 years old\74'	'  74 years old'	'N'	'LA '	null	null	null	null	null	null	null
VALUES('\BIRN\oasis\Demographics\Age\75-84 years old'	'75-84 years old'	'N'	'FA '	null	null	null	null	null	null	null
VALUES('\BIRN\oasis\Demographics\Age\75-84 years old\75'	'  75 years old'	'N'	'LA '	null	null	null	null	null	null	null
VALUES('\BIRN\oasis\Demographics\Age\75-84 years old\76'	'  76 years old'	'N'	'LA '	null	null	null	null	null	null	null
VALUES('\BIRN\oasis\Demographics\Age\75-84 years old\77'	'  77 years old'	'N'	'LA '	null	null	null	null	null	null	null
VALUES('\BIRN\oasis\Demographics\Age\75-84 years old\78'	'  78 years old'	'N'	'LA '	null	null	null	null	null	null	null
VALUES('\BIRN\oasis\Demographics\Age\75-84 years old\79'	'  79 years old'	'N'	'LA '	null	null	null	null	null	null	null
VALUES('\BIRN\oasis\Demographics\Age\75-84 years old\80'	'  80 years old'	'N'	'LA '	null	null	null	null	null	null	null
VALUES('\BIRN\oasis\Demographics\Age\75-84 years old\81'	'  81 years old'	'N'	'LA '	null	null	null	null	null	null	null
VALUES('\BIRN\oasis\Demographics\Age\75-84 years old\82'	'  82 years old'	'N'	'LA '	null	null	null	null	null	null	null
VALUES('\BIRN\oasis\Demographics\Age\75-84 years old\83'	'  83 years old'	'N'	'LA '	null	null	null	null	null	null	null
VALUES('\BIRN\oasis\Demographics\Age\75-84 years old\84'	'  84 years old'	'N'	'LA '	null	null	null	null	null	null	null
VALUES('\BIRN\oasis\Demographics\Age\>= 65 years old'	'>= 65 years old'	'N'	'FA '	null	null	null	null	null	null	null
VALUES('\BIRN\oasis\Demographics\Age\>= 65 years old\100'	'  100 years old'	'N'	'LA '	null	null	null	null	null	null	null
VALUES('\BIRN\oasis\Demographics\Age\>= 65 years old\101'	'  101 years old'	'N'	'LA '	null	null	null	null	null	null	null
VALUES('\BIRN\oasis\Demographics\Age\>= 65 years old\102'	'  102 years old'	'N'	'LA '	null	null	null	null	null	null	null
VALUES('\BIRN\oasis\Demographics\Age\>= 65 years old\103'	'  103 years old'	'N'	'LA '	null	null	null	null	null	null	null
VALUES('\BIRN\oasis\Demographics\Age\>= 65 years old\104'	'  104 years old'	'N'	'LA '	null	null	null	null	null	null	null
VALUES('\BIRN\oasis\Demographics\Age\>= 65 years old\105'	'  105 years old'	'N'	'LA '	null	null	null	null	null	null	null
VALUES('\BIRN\oasis\Demographics\Age\>= 65 years old\106'	'  106 years old'	'N'	'LA '	null	null	null	null	null	null	null
VALUES('\BIRN\oasis\Demographics\Age\>= 65 years old\107'	'  107 years old'	'N'	'LA '	null	null	null	null	null	null	null
VALUES('\BIRN\oasis\Demographics\Age\>= 65 years old\108'	'  108 years old'	'N'	'LA '	null	null	null	null	null	null	null
VALUES('\BIRN\oasis\Demographics\Age\>= 65 years old\109'	'  109 years old'	'N'	'LA '	null	null	null	null	null	null	null
VALUES('\BIRN\oasis\Demographics\Age\>= 65 years old\110'	'  110 years old'	'N'	'LA '	null	null	null	null	null	null	null
VALUES('\BIRN\oasis\Demographics\Age\>= 65 years old\111'	'  111 years old'	'N'	'LA '	null	null	null	null	null	null	null
VALUES('\BIRN\oasis\Demographics\Age\>= 65 years old\112'	'  112 years old'	'N'	'LA '	null	null	null	null	null	null	null
VALUES('\BIRN\oasis\Demographics\Age\>= 65 years old\113'	'  113 years old'	'N'	'LA '	null	null	null	null	null	null	null
VALUES('\BIRN\oasis\Demographics\Age\>= 65 years old\114'	'  114 years old'	'N'	'LA '	null	null	null	null	null	null	null
VALUES('\BIRN\oasis\Demographics\Age\>= 65 years old\115'	'  115 years old'	'N'	'LA '	null	null	null	null	null	null	null
VALUES('\BIRN\oasis\Demographics\Age\>= 65 years old\116'	'  116 years old'	'N'	'LA '	null	null	null	null	null	null	null
VALUES('\BIRN\oasis\Demographics\Age\>= 65 years old\117'	'  117 years old'	'N'	'LA '	null	null	null	null	null	null	null
VALUES('\BIRN\oasis\Demographics\Age\>= 65 years old\118'	'  118 years old'	'N'	'LA '	null	null	null	null	null	null	null
VALUES('\BIRN\oasis\Demographics\Age\>= 65 years old\119'	'  119 years old'	'N'	'LA '	null	null	null	null	null	null	null
VALUES('\BIRN\oasis\Demographics\Age\>= 65 years old\120'	'  120 years old'	'N'	'LA '	null	null	null	null	null	null	null
VALUES('\BIRN\oasis\Demographics\Age\>= 65 years old\65'	'  65 years old'	'N'	'LA '	null	null	null	null	null	null	null
VALUES('\BIRN\oasis\Demographics\Age\>= 65 years old\66'	'  66 years old'	'N'	'LA '	null	null	null	null	null	null	null
VALUES('\BIRN\oasis\Demographics\Age\>= 65 years old\67'	'  67 years old'	'N'	'LA '	null	null	null	null	null	null	null
VALUES('\BIRN\oasis\Demographics\Age\>= 65 years old\68'	'  68 years old'	'N'	'LA '	null	null	null	null	null	null	null
VALUES('\BIRN\oasis\Demographics\Age\>= 65 years old\69'	'  69 years old'	'N'	'LA '	null	null	null	null	null	null	null
VALUES('\BIRN\oasis\Demographics\Age\>= 65 years old\70'	'  70 years old'	'N'	'LA '	null	null	null	null	null	null	null
VALUES('\BIRN\oasis\Demographics\Age\>= 65 years old\71'	'  71 years old'	'N'	'LA '	null	null	null	null	null	null	null
VALUES('\BIRN\oasis\Demographics\Age\>= 65 years old\72'	'  72 years old'	'N'	'LA '	null	null	null	null	null	null	null
VALUES('\BIRN\oasis\Demographics\Age\>= 65 years old\73'	'  73 years old'	'N'	'LA '	null	null	null	null	null	null	null
VALUES('\BIRN\oasis\Demographics\Age\>= 65 years old\74'	'  74 years old'	'N'	'LA '	null	null	null	null	null	null	null
VALUES('\BIRN\oasis\Demographics\Age\>= 65 years old\75'	'  75 years old'	'N'	'LA '	null	null	null	null	null	null	null
VALUES('\BIRN\oasis\Demographics\Age\>= 65 years old\76'	'  76 years old'	'N'	'LA '	null	null	null	null	null	null	null
VALUES('\BIRN\oasis\Demographics\Age\>= 65 years old\77'	'  77 years old'	'N'	'LA '	null	null	null	null	null	null	null
VALUES('\BIRN\oasis\Demographics\Age\>= 65 years old\78'	'  78 years old'	'N'	'LA '	null	null	null	null	null	null	null
VALUES('\BIRN\oasis\Demographics\Age\>= 65 years old\79'	'  79 years old'	'N'	'LA '	null	null	null	null	null	null	null
VALUES('\BIRN\oasis\Demographics\Age\>= 65 years old\80'	'  80 years old'	'N'	'LA '	null	null	null	null	null	null	null
VALUES('\BIRN\oasis\Demographics\Age\>= 65 years old\81'	'  81 years old'	'N'	'LA '	null	null	null	null	null	null	null
VALUES('\BIRN\oasis\Demographics\Age\>= 65 years old\82'	'  82 years old'	'N'	'LA '	null	null	null	null	null	null	null
VALUES('\BIRN\oasis\Demographics\Age\>= 65 years old\83'	'  83 years old'	'N'	'LA '	null	null	null	null	null	null	null
VALUES('\BIRN\oasis\Demographics\Age\>= 65 years old\84'	'  84 years old'	'N'	'LA '	null	null	null	null	null	null	null
VALUES('\BIRN\oasis\Demographics\Age\>= 65 years old\85'	'  85 years old'	'N'	'LA '	null	null	null	null	null	null	null
VALUES('\BIRN\oasis\Demographics\Age\>= 65 years old\86'	'  86 years old'	'N'	'LA '	null	null	null	null	null	null	null
VALUES('\BIRN\oasis\Demographics\Age\>= 65 years old\87'	'  87 years old'	'N'	'LA '	null	null	null	null	null	null	null
VALUES('\BIRN\oasis\Demographics\Age\>= 65 years old\88'	'  88 years old'	'N'	'LA '	null	null	null	null	null	null	null
VALUES('\BIRN\oasis\Demographics\Age\>= 65 years old\89'	'  89 years old'	'N'	'LA '	null	null	null	null	null	null	null
VALUES('\BIRN\oasis\Demographics\Age\>= 65 years old\90'	'  90 years old'	'N'	'LA '	null	null	null	null	null	null	null
VALUES('\BIRN\oasis\Demographics\Age\>= 65 years old\91'	'  91 years old'	'N'	'LA '	null	null	null	null	null	null	null
VALUES('\BIRN\oasis\Demographics\Age\>= 65 years old\92'	'  92 years old'	'N'	'LA '	null	null	null	null	null	null	null
VALUES('\BIRN\oasis\Demographics\Age\>= 65 years old\93'	'  93 years old'	'N'	'LA '	null	null	null	null	null	null	null
VALUES('\BIRN\oasis\Demographics\Age\>= 65 years old\94'	'  94 years old'	'N'	'LA '	null	null	null	null	null	null	null
VALUES('\BIRN\oasis\Demographics\Age\>= 65 years old\95'	'  95 years old'	'N'	'LA '	null	null	null	null	null	null	null
VALUES('\BIRN\oasis\Demographics\Age\>= 65 years old\96'	'  96 years old'	'N'	'LA '	null	null	null	null	null	null	null
VALUES('\BIRN\oasis\Demographics\Age\>= 65 years old\97'	'  97 years old'	'N'	'LA '	null	null	null	null	null	null	null
VALUES('\BIRN\oasis\Demographics\Age\>= 65 years old\98'	'  98 years old'	'N'	'LA '	null	null	null	null	null	null	null
VALUES('\BIRN\oasis\Demographics\Age\>= 65 years old\99'	'  99 years old'	'N'	'LA '	null	null	null	null	null	null	null
VALUES('\BIRN\oasis\Demographics\Age\>= 85 years old'	'>= 85 years old'	'N'	'FA '	null	null	null	null	null	null	null
VALUES('\BIRN\oasis\Demographics\Age\>= 85 years old\100'	'  100 years old'	'N'	'LA '	null	null	null	null	null	null	null
VALUES('\BIRN\oasis\Demographics\Age\>= 85 years old\101'	'  101 years old'	'N'	'LA '	null	null	null	null	null	null	null
VALUES('\BIRN\oasis\Demographics\Age\>= 85 years old\102'	'  102 years old'	'N'	'LA '	null	null	null	null	null	null	null
VALUES('\BIRN\oasis\Demographics\Age\>= 85 years old\103'	'  103 years old'	'N'	'LA '	null	null	null	null	null	null	null
VALUES('\BIRN\oasis\Demographics\Age\>= 85 years old\104'	'  104 years old'	'N'	'LA '	null	null	null	null	null	null	null
VALUES('\BIRN\oasis\Demographics\Age\>= 85 years old\105'	'  105 years old'	'N'	'LA '	null	null	null	null	null	null	null
VALUES('\BIRN\oasis\Demographics\Age\>= 85 years old\106'	'  106 years old'	'N'	'LA '	null	null	null	null	null	null	null
VALUES('\BIRN\oasis\Demographics\Age\>= 85 years old\107'	'  107 years old'	'N'	'LA '	null	null	null	null	null	null	null
VALUES('\BIRN\oasis\Demographics\Age\>= 85 years old\108'	'  108 years old'	'N'	'LA '	null	null	null	null	null	null	null
VALUES('\BIRN\oasis\Demographics\Age\>= 85 years old\109'	'  109 years old'	'N'	'LA '	null	null	null	null	null	null	null
VALUES('\BIRN\oasis\Demographics\Age\>= 85 years old\110'	'  110 years old'	'N'	'LA '	null	null	null	null	null	null	null
VALUES('\BIRN\oasis\Demographics\Age\>= 85 years old\111'	'  111 years old'	'N'	'LA '	null	null	null	null	null	null	null
VALUES('\BIRN\oasis\Demographics\Age\>= 85 years old\112'	'  112 years old'	'N'	'LA '	null	null	null	null	null	null	null
VALUES('\BIRN\oasis\Demographics\Age\>= 85 years old\113'	'  113 years old'	'N'	'LA '	null	null	null	null	null	null	null
VALUES('\BIRN\oasis\Demographics\Age\>= 85 years old\114'	'  114 years old'	'N'	'LA '	null	null	null	null	null	null	null
VALUES('\BIRN\oasis\Demographics\Age\>= 85 years old\115'	'  115 years old'	'N'	'LA '	null	null	null	null	null	null	null
VALUES('\BIRN\oasis\Demographics\Age\>= 85 years old\116'	'  116 years old'	'N'	'LA '	null	null	null	null	null	null	null
VALUES('\BIRN\oasis\Demographics\Age\>= 85 years old\117'	'  117 years old'	'N'	'LA '	null	null	null	null	null	null	null
VALUES('\BIRN\oasis\Demographics\Age\>= 85 years old\118'	'  118 years old'	'N'	'LA '	null	null	null	null	null	null	null
VALUES('\BIRN\oasis\Demographics\Age\>= 85 years old\119'	'  119 years old'	'N'	'LA '	null	null	null	null	null	null	null
VALUES('\BIRN\oasis\Demographics\Age\>= 85 years old\120'	'  120 years old'	'N'	'LA '	null	null	null	null	null	null	null
VALUES('\BIRN\oasis\Demographics\Age\>= 85 years old\85'	'  85 years old'	'N'	'LA '	null	null	null	null	null	null	null
VALUES('\BIRN\oasis\Demographics\Age\>= 85 years old\86'	'  86 years old'	'N'	'LA '	null	null	null	null	null	null	null
VALUES('\BIRN\oasis\Demographics\Age\>= 85 years old\87'	'  87 years old'	'N'	'LA '	null	null	null	null	null	null	null
VALUES('\BIRN\oasis\Demographics\Age\>= 85 years old\88'	'  88 years old'	'N'	'LA '	null	null	null	null	null	null	null
VALUES('\BIRN\oasis\Demographics\Age\>= 85 years old\89'	'  89 years old'	'N'	'LA '	null	null	null	null	null	null	null
VALUES('\BIRN\oasis\Demographics\Age\>= 85 years old\90'	'  90 years old'	'N'	'LA '	null	null	null	null	null	null	null
VALUES('\BIRN\oasis\Demographics\Age\>= 85 years old\91'	'  91 years old'	'N'	'LA '	null	null	null	null	null	null	null
VALUES('\BIRN\oasis\Demographics\Age\>= 85 years old\92'	'  92 years old'	'N'	'LA '	null	null	null	null	null	null	null
VALUES('\BIRN\oasis\Demographics\Age\>= 85 years old\93'	'  93 years old'	'N'	'LA '	null	null	null	null	null	null	null
VALUES('\BIRN\oasis\Demographics\Age\>= 85 years old\94'	'  94 years old'	'N'	'LA '	null	null	null	null	null	null	null
VALUES('\BIRN\oasis\Demographics\Age\>= 85 years old\95'	'  95 years old'	'N'	'LA '	null	null	null	null	null	null	null
VALUES('\BIRN\oasis\Demographics\Age\>= 85 years old\96'	'  96 years old'	'N'	'LA '	null	null	null	null	null	null	null
VALUES('\BIRN\oasis\Demographics\Age\>= 85 years old\97'	'  97 years old'	'N'	'LA '	null	null	null	null	null	null	null
VALUES('\BIRN\oasis\Demographics\Age\>= 85 years old\98'	'  98 years old'	'N'	'LA '	null	null	null	null	null	null	null
VALUES('\BIRN\oasis\Demographics\Age\>= 85 years old\99'	'  99 years old'	'N'	'LA '	null	null	null	null	null	null	null
VALUES('\BIRN\oasis\Demographics\Age\Not Recorded'	'zz not recorded'	'N'	'LA '	null	null	null	null	null	null	null
VALUES('\BIRN\oasis\Demographics\Education'	'Education'	'N'	'FA'	null	null	null	null	null	null	null
VALUES('\BIRN\oasis\Demographics\Education\Beyond college'	'Beyond college'	'N'	'LA'	null	null	null	null	null	null	null
VALUES('\BIRN\oasis\Demographics\Education\College grad.'	'College grad.'	'N'	'LA'	null	null	null	null	null	null	null
VALUES('\BIRN\oasis\Demographics\Education\High school grad.'	'High school grad.'	'N'	'LA'	null	null	null	null	null	null	null
VALUES('\BIRN\oasis\Demographics\Education\Less than high school grad.'	'Less than high school grad.'	'N'	'LA'	null	null	null	null	null	null	null
VALUES('\BIRN\oasis\Demographics\Education\Some college'	'Some college'	'N'	'LA'	null	null	null	null	null	null	null
VALUES('\BIRN\oasis\Demographics\Gender'	'Gender'	'N'	'FA'	null	null	null	null	null	null	null
VALUES('\BIRN\oasis\Demographics\Gender\Female'	'Female'	'N'	'LA'	null	null	null	null	null	null	null
VALUES('\BIRN\oasis\Demographics\Gender\Male'	'Male'	'N'	'LA'	null	null	null	null	null	null	null
VALUES('\BIRN\oasis\Demographics\Hand Orientation'	'Hand Orientation'	'N'	'FA'	null	null	null	null	null	null	null
VALUES('\BIRN\oasis\Demographics\Hand Orientation\Left Handed'	'Left Handed'	'N'	'LA'	null	null	null	null	null	null	null
VALUES('\BIRN\oasis\Demographics\Hand Orientation\Right Handed'	'Right Handed'	'N'	'LA'	null	null	null	null	null	null	null
VALUES('\BIRN\oasis\Demographics\Socioeconomic Status'	'Socioeconomic Status'	'N'	'FA'	null	null	null	null	null	null	null
VALUES('\BIRN\oasis\Demographics\Socioeconomic Status\Status 1'	'Status 1'	'N'	'LA'	null	null	null	null	null	null	null
VALUES('\BIRN\oasis\Demographics\Socioeconomic Status\Status 2'	'Status 2'	'N'	'LA'	null	null	null	null	null	null	null
VALUES('\BIRN\oasis\Demographics\Socioeconomic Status\Status 3'	'Status 3'	'N'	'LA'	null	null	null	null	null	null	null
VALUES('\BIRN\oasis\Demographics\Socioeconomic Status\Status 4'	'Status 4'	'N'	'LA'	null	null	null	null	null	null	null
VALUES('\BIRN\oasis\Demographics\Socioeconomic Status\Status 5'	'Status 5'	'N'	'LA'	null	null	null	null	null	null	null
VALUES('\BIRN\oasis\Derived Anatomic Volumes'	'Derived Anatomic Volumes'	'N'	'FA'	null	null	null	null	null	null	null
VALUES('\BIRN\oasis\Derived Anatomic Volumes\Atlas scaling factor'	'Atlas scaling factor'	'N'	'LA'	null	null	null	null	null	null	null
VALUES('\BIRN\oasis\Derived Anatomic Volumes\Estimated Total Intracranial Volume'	'Est. Total Intracranial Volume'	'N'	'LA'	null	null	null	null	null	null	null
VALUES('\BIRN\oasis\Derived Anatomic Volumes\Normalized Whole Brain Volume'	'Normalized Whole Brain Volume'	'N'	'LA'	null	null	null	null	null	null	null
VALUES('\BIRN\oasis\Images'	'Images'	'N'	'FA'	null	null	null	null	null	null	null
VALUES('\BIRN\oasis\Images\Atlas Registered'	'Atlas Registered'	'N'	'FA'	null	null	null	null	null	null	null
VALUES('\BIRN\oasis\Images\Atlas Registered\Coronal'	'Coronal'	'N'	'LI'	null	null	null	null	null	null	null
VALUES('\BIRN\oasis\Images\Atlas Registered\Sagittal'	'Sagittal'	'N'	'LI'	null	null	null	null	null	null	null
VALUES('\BIRN\oasis\Images\Atlas Registered\Transverse'	'Transverse'	'N'	'LI'	null	null	null	null	null	null	null
VALUES('\BIRN\oasis\Images\Averaged Images'	'Averaged Images'	'N'	'FA'	null	null	null	null	null	null	null
VALUES('\BIRN\oasis\Images\Averaged Images\Coronal'	'Coronal'	'N'	'LI'	null	null	null	null	null	null	null
VALUES('\BIRN\oasis\Images\Averaged Images\Sagittal'	'Sagittal'	'N'	'LI'	null	null	null	null	null	null	null
VALUES('\BIRN\oasis\Images\Averaged Images\Transverse'	'Transverse'	'N'	'LI'	null	null	null	null	null	null	null
VALUES('\BIRN\oasis\Images\Gray/White Segmented'	'Gray/White Segmented'	'N'	'FA'	null	null	null	null	null	null	null
VALUES('\BIRN\oasis\Images\Gray/White Segmented\Coronal'	'Coronal'	'N'	'LI'	null	null	null	null	null	null	null
VALUES('\BIRN\oasis\Images\Gray/White Segmented\Sagittal'	'Sagittal'	'N'	'LI'	null	null	null	null	null	null	null
VALUES('\BIRN\oasis\Images\Gray/White Segmented\Transverse'	'Transverse'	'N'	'LI'	null	null	null	null	null	null	null
VALUES('\BIRN\oasis\Images\Masked Atlas'	'Masked Atlas'	'N'	'FA'	null	null	null	null	null	null	null
VALUES('\BIRN\oasis\Images\Masked Atlas\Coronal'	'Coronal'	'N'	'LI'	null	null	null	null	null	null	null
VALUES('\BIRN\oasis\Images\Masked Atlas\Sagittal'	'Sagittal'	'N'	'LI'	null	null	null	null	null	null	null
VALUES('\BIRN\oasis\Images\Masked Atlas\Transverse'	'Transverse'	'N'	'LI'	null	null	null	null	null	null	null
VALUES('\BIRN\oasis\Images\Raw Images'	'Raw Images'	'N'	'FA'	null	null	null	null	null	null	null
VALUES('\BIRN\oasis\Images\Raw Images\First Sample'	'First Sample'	'N'	'FA'	null	null	null	null	null	null	null
VALUES('\BIRN\oasis\Images\Raw Images\First Sample\Coronal'	'Coronal'	'N'	'LI'	null	null	null	null	null	null	null
VALUES('\BIRN\oasis\Images\Raw Images\First Sample\Sagittal'	'Sagittal'	'N'	'LA'	null	null	null	null	null	null	null
VALUES('\BIRN\oasis\Images\Raw Images\First Sample\Transverse'	'Transverse'	'N'	'LI'	null	null	null	null	null	null	null
VALUES('\BIRN\oasis\Images\Raw Images\Fourth Sample'	'Fourth Sample'	'N'	'FA'	null	null	null	null	null	null	null
VALUES('\BIRN\oasis\Images\Raw Images\Fourth Sample\Coronal'	'Coronal'	'N'	'LI'	null	null	null	null	null	null	null
VALUES('\BIRN\oasis\Images\Raw Images\Fourth Sample\Sagittal'	'Sagittal'	'N'	'LA'	null	null	null	null	null	null	null
VALUES('\BIRN\oasis\Images\Raw Images\Fourth Sample\Transverse'	'Transverse'	'N'	'LI'	null	null	null	null	null	null	null
VALUES('\BIRN\oasis\Images\Raw Images\Second Sample'	'Second Sample'	'N'	'FA'	null	null	null	null	null	null	null
VALUES('\BIRN\oasis\Images\Raw Images\Second Sample\Coronal'	'Coronal'	'N'	'LI'	null	null	null	null	null	null	null
VALUES('\BIRN\oasis\Images\Raw Images\Second Sample\Sagittal'	'Sagittal'	'N'	'LA'	null	null	null	null	null	null	null
VALUES('\BIRN\oasis\Images\Raw Images\Second Sample\Transverse'	'Transverse'	'N'	'LI'	null	null	null	null	null	null	null
VALUES('\BIRN\oasis\Images\Raw Images\Third Sample'	'Third Sample'	'N'	'FA'	null	null	null	null	null	null	null
VALUES('\BIRN\oasis\Images\Raw Images\Third Sample\Coronal'	'Coronal'	'N'	'LI'	null	null	null	null	null	null	null
VALUES('\BIRN\oasis\Images\Raw Images\Third Sample\Sagittal'	'Sagittal'	'N'	'LA'	null	null	null	null	null	null	null
VALUES('\BIRN\oasis\Images\Raw Images\Third Sample\Transverse'	'Transverse'	'N'	'LI'	null	null	null	null	null	null	null
INSERT INTO I2B2METADATA.I2B2(C_HLEVEL	C_FULLNAME	C_NAME	C_SYNONYM_CD	null	null	null	null	null	null	null
VALUES(0	'\i2b2'	'RPDR'	'N'	null	null	null	null	null	null	null
VALUES(1	'\i2b2\Diagnoses'	'Diagnoses'	'N'	null	null	null	null	null	null	null
VALUES(1	'\i2b2\Labtests'	'Laboratory Tests'	'N'	null	null	null	null	null	null	null
VALUES(1	'\i2b2\Medications'	'Medications'	'N'	null	null	null	null	null	null	null
VALUES(1	'\i2b2\Expression Profiles Data'	'Expression Profiles Data'	'N'	null	null	null	null	null	null	null
VALUES(1	'\i2b2\Procedures'	'Procedures'	'N'	null	null	null	null	null	null	null
VALUES(1	'\i2b2\Demographics'	'Demographics'	'N'	null	null	null	null	null	null	null
VALUES(2	'\i2b2\Diagnoses\Circulatory system (390-459)'	'Circulatory system'	'N'	null	null	null	null	null	null	null
VALUES(2	'\i2b2\Diagnoses\Conditions in the perinatal period (760-779)'	'Conditions in the perinatal period'	'N'	null	null	null	null	null	null	null
VALUES(2	'\i2b2\Diagnoses\Congenital anomalies (740-759)'	'Congenital anomalies'	'N'	null	null	null	null	null	null	null
VALUES(2	'\i2b2\Diagnoses\Endocrine disorders (240-259)'	'Endocrine disorders'	'N'	null	null	null	null	null	null	null
VALUES(2	'\i2b2\Diagnoses\Hematologic diseases (280-289)'	'Hematologic diseases'	'N'	null	null	null	null	null	null	null
VALUES(2	'\i2b2\Diagnoses\Injury and poisoning (800-999)'	'Injury and poisoning'	'N'	null	null	null	null	null	null	null
VALUES(2	'\i2b2\Diagnoses\Musculoskeletal and connective tissue (710-739)'	'Musculoskeletal and connective tissue'	'N'	null	null	null	null	null	null	null
VALUES(2	'\i2b2\Diagnoses\Mental Disorders (290-319)'	'Mental Disorders'	'N'	null	null	null	null	null	null	null
VALUES(2	'\i2b2\Demographics\Zip codes'	'Zip codes'	'N'	null	null	null	null	null	null	null
VALUES(2	'\i2b2\Demographics\Race'	'Race'	'N'	null	null	null	null	null	null	null
VALUES(2	'\i2b2\Labtests\LAB\(LLB53) Hematology'	'Hematology'	'N'	null	null	null	null	null	null	null
VALUES(2	'\i2b2\Labtests\LAB\(LLB16) Chemistry'	'Chemistry'	'N'	null	null	null	null	null	null	null
VALUES(2	'\i2b2\Diagnoses\zz V-codes'	'zz V-codes'	'N'	null	null	null	null	null	null	null
VALUES(2	'\i2b2\Diagnoses\Symptoms	signs	and ill-defined conditions (780-799)'	null	null	null	null	null	null	null
VALUES(2	'\i2b2\Diagnoses\zz E-codes'	'zz E-codes'	'N'	null	null	null	null	null	null	null
VALUES(2	'\i2b2\Diagnoses\Skin diseases (680-709)'	'Skin diseases'	'N'	null	null	null	null	null	null	null
VALUES(2	'\i2b2\Diagnoses\Respiratory system (460-519)'	'Respiratory system'	'N'	null	null	null	null	null	null	null
VALUES(2	'\i2b2\Diagnoses\Nutritional deficiences (260-269)'	'Nutritional deficiences'	'N'	null	null	null	null	null	null	null
VALUES(2	'\i2b2\Medications\MUL\(LME2) alternative medicines'	'Alternative medicines'	'N'	null	null	null	null	null	null	null
VALUES(2	'\i2b2\Medications\MUL\(LME55) antineoplastics'	'Antineoplastics'	'N'	null	null	null	null	null	null	null
VALUES(2	'\i2b2\Medications\MUL\(LME148) hormones'	'Hormones'	'N'	null	null	null	null	null	null	null
VALUES(2	'\i2b2\Medications\MUL\(LME136) gastrointestinal agents'	'Gastrointestinal agents'	'N'	null	null	null	null	null	null	null
VALUES(2	'\i2b2\Medications\MUL\(LME10) anti-infectives'	'Anti-infectives'	'N'	null	null	null	null	null	null	null
VALUES(2	'\i2b2\Medications\MUL\(LME63) biologicals'	'Biologicals'	'N'	null	null	null	null	null	null	null
VALUES(2	'\i2b2\Labtests\LAB\(LLB6) Coagulation'	'Coagulation'	'N'	null	null	null	null	null	null	null
VALUES(2	'\i2b2\Labtests\LAB\(LLB48) Urinalysis'	'Urinalysis'	'N'	null	null	null	null	null	null	null
VALUES(2	'\i2b2\Demographics\Religion'	'Religion'	'N'	null	null	null	null	null	null	null
VALUES(2	'\i2b2\Medications\MUL\(LME203) psychotherapeutic agents'	'Psychotherapeutic agents'	'N'	null	null	null	null	null	null	null
VALUES(2	'\i2b2\Medications\MUL\(LME92) central nervous system agents'	'Central nervous system agents'	'N'	null	null	null	null	null	null	null
VALUES(2	'\i2b2\Medications\MUL\(LME68) cardiovascular agents'	'Cardiovascular agents'	'N'	null	null	null	null	null	null	null
VALUES(2	'\i2b2\Medications\MUL\(LME125) coagulation modifiers'	'Coagulation modifiers'	'N'	null	null	null	null	null	null	null
VALUES(2	'\i2b2\Medications\MUL\(LME195) nutritional products'	'Nutritional products'	'N'	null	null	null	null	null	null	null
VALUES(2	'\i2b2\Medications\MUL\(LME219) respiratory agents'	'Respiratory agents'	'N'	null	null	null	null	null	null	null
VALUES(2	'\i2b2\Medications\MUL\(LME234) topical agents'	'Topical agents'	'N'	null	null	null	null	null	null	null
VALUES(2	'\i2b2\Medications\MUL\(LME169) immunologic agents'	'Immunologic agents'	'N'	null	null	null	null	null	null	null
VALUES(2	'\i2b2\Medications\MUL\(LME5) antihyperlipidemic agents'	'Antihyperlipidemic agents'	'N'	null	null	null	null	null	null	null
VALUES(2	'\i2b2\Expression Profiles Data\Affymetrix HG-U133'	'Affymetrix HG-U133'	'N'	null	null	null	null	null	null	null
VALUES(2	'\i2b2\Labtests\LAB\(LLB32) Immunology'	'Immunology'	'N'	null	null	null	null	null	null	null
VALUES(2	'\i2b2\Demographics\Age'	'Age'	'N'	null	null	null	null	null	null	null
VALUES(2	'\i2b2\Demographics\Date'	'Date'	'N'	null	null	null	null	null	null	null
VALUES(2	'\i2b2\Labtests\LAB\Pulmonary Function Reports'	'Pulmonary Function Reports'	'N'	null	null	null	null	null	null	null
VALUES(2	'\i2b2\Demographics\Language'	'Language'	'N'	null	null	null	null	null	null	null
VALUES(2	'\i2b2\Demographics\Gender'	'Gender'	'N'	null	null	null	null	null	null	null
VALUES(2	'\i2b2\Demographics\Vital Status'	'Vital Status'	'N'	null	null	null	null	null	null	null
VALUES(2	'\i2b2\Demographics\Marital Status'	'Marital Status'	'N'	null	null	null	null	null	null	null
